timestamp,traffic_flow
2026-01-01 00:00,93.61
2026-01-01 00:01,84.73
2026-01-01 00:02,97.82
2026-01-01 00:03,99.73
2026-01-01 00:04,80.09
2026-01-01 00:05,85.26
2026-01-01 00:06,95.93
2026-01-01 00:07,93.50
2026-01-01 00:08,96.30
2026-01-01 00:09,91.18
2026-01-01 00:10,104.06
2026-01-01 00:11,104.14
2026-01-01 00:12,99.97
2026-01-01 00:13,108.24
2026-01-01 00:14,104.50
2026-01-01 00:15,96.12
2026-01-01 00:16,105.65
2026-01-01 00:17,97.32
2026-01-01 00:18,111.19
2026-01-01 00:19,105.72
2026-01-01 00:20,105.84
2026-01-01 00:21,103.47
2026-01-01 00:22,117.93
2026-01-01 00:23,109.46
2026-01-01 00:24,108.75
2026-01-01 00:25,110.53
2026-01-01 00:26,118.00
2026-01-01 00:27,118.15
2026-01-01 00:28,119.84
2026-01-01 00:29,121.35
2026-01-01 00:30,134.75
2026-01-01 00:31,118.38
2026-01-01 00:32,119.14
2026-01-01 00:33,118.57
2026-01-01 00:34,130.15
2026-01-01 00:35,135.35
2026-01-01 00:36,128.29
2026-01-01 00:37,124.88
2026-01-01 00:38,126.70
2026-01-01 00:39,138.76
2026-01-01 00:40,141.18
2026-01-01 00:41,141.58
2026-01-01 00:42,134.94
2026-01-01 00:43,143.08
2026-01-01 00:44,144.14
2026-01-01 00:45,146.75
2026-01-01 00:46,153.23
2026-01-01 00:47,150.62
2026-01-01 00:48,155.75
2026-01-01 00:49,153.42
2026-01-01 00:50,156.93
2026-01-01 00:51,161.29
2026-01-01 00:52,148.63
2026-01-01 00:53,158.56
2026-01-01 00:54,159.46
2026-01-01 00:55,160.22
2026-01-01 00:56,164.70
2026-01-01 00:57,179.01
2026-01-01 00:58,164.38
2026-01-01 00:59,179.09
2026-01-01 01:00,162.38
2026-01-01 01:01,173.63
2026-01-01 01:02,178.89
2026-01-01 01:03,183.60
2026-01-01 01:04,186.17
2026-01-01 01:05,188.39
2026-01-01 01:06,182.00
2026-01-01 01:07,182.75
2026-01-01 01:08,193.48
2026-01-01 01:09,187.56
2026-01-01 01:10,181.34
2026-01-01 01:11,183.64
2026-01-01 01:12,186.37
2026-01-01 01:13,197.44
2026-01-01 01:14,196.05
2026-01-01 01:15,200.90
2026-01-01 01:16,194.02
2026-01-01 01:17,198.98
2026-01-01 01:18,203.03
2026-01-01 01:19,197.18
2026-01-01 01:20,203.17
2026-01-01 01:21,195.88
2026-01-01 01:22,198.43
2026-01-01 01:23,198.67
2026-01-01 01:24,193.27
2026-01-01 01:25,205.27
2026-01-01 01:26,198.71
2026-01-01 01:27,202.15
2026-01-01 01:28,205.41
2026-01-01 01:29,205.08
2026-01-01 01:30,206.45
2026-01-01 01:31,200.88
2026-01-01 01:32,198.30
2026-01-01 01:33,200.35
2026-01-01 01:34,188.67
2026-01-01 01:35,189.86
2026-01-01 01:36,190.20
2026-01-01 01:37,191.88
2026-01-01 01:38,201.02
2026-01-01 01:39,191.19
2026-01-01 01:40,194.15
2026-01-01 01:41,205.12
2026-01-01 01:42,192.73
2026-01-01 01:43,199.54
2026-01-01 01:44,186.98
2026-01-01 01:45,191.19
2026-01-01 01:46,185.06
2026-01-01 01:47,188.41
2026-01-01 01:48,195.72
2026-01-01 01:49,176.79
2026-01-01 01:50,190.95
2026-01-01 01:51,188.61
2026-01-01 01:52,181.81
2026-01-01 01:53,174.88
2026-01-01 01:54,184.55
2026-01-01 01:55,179.38
2026-01-01 01:56,183.77
2026-01-01 01:57,181.36
2026-01-01 01:58,191.49
2026-01-01 01:59,177.70
2026-01-01 02:00,171.33
2026-01-01 02:01,178.89
2026-01-01 02:02,178.33
2026-01-01 02:03,185.49
2026-01-01 02:04,181.03
2026-01-01 02:05,176.92
2026-01-01 02:06,183.93
2026-01-01 02:07,164.66
2026-01-01 02:08,167.83
2026-01-01 02:09,165.18
2026-01-01 02:10,168.33
2026-01-01 02:11,160.85
2026-01-01 02:12,174.39
2026-01-01 02:13,167.88
2026-01-01 02:14,158.67
2026-01-01 02:15,161.42
2026-01-01 02:16,170.32
2026-01-01 02:17,173.63
2026-01-01 02:18,181.41
2026-01-01 02:19,187.54
2026-01-01 02:20,169.79
2026-01-01 02:21,159.74
2026-01-01 02:22,151.55
2026-01-01 02:23,168.20
2026-01-01 02:24,160.52
2026-01-01 02:25,163.22
2026-01-01 02:26,161.80
2026-01-01 02:27,165.09
2026-01-01 02:28,173.56
2026-01-01 02:29,167.25
2026-01-01 02:30,165.13
2026-01-01 02:31,159.11
2026-01-01 02:32,154.78
2026-01-01 02:33,163.28
2026-01-01 02:34,166.52
2026-01-01 02:35,179.51
2026-01-01 02:36,168.31
2026-01-01 02:37,174.57
2026-01-01 02:38,164.52
2026-01-01 02:39,160.06
2026-01-01 02:40,161.96
2026-01-01 02:41,164.03
2026-01-01 02:42,184.41
2026-01-01 02:43,164.19
2026-01-01 02:44,176.25
2026-01-01 02:45,164.51
2026-01-01 02:46,177.82
2026-01-01 02:47,174.48
2026-01-01 02:48,171.18
2026-01-01 02:49,172.49
2026-01-01 02:50,168.70
2026-01-01 02:51,176.91
2026-01-01 02:52,171.12
2026-01-01 02:53,166.23
2026-01-01 02:54,166.37
2026-01-01 02:55,177.02
2026-01-01 02:56,187.36
2026-01-01 02:57,177.91
2026-01-01 02:58,176.43
2026-01-01 02:59,179.72
2026-01-01 03:00,187.29
2026-01-01 03:01,180.10
2026-01-01 03:02,176.08
2026-01-01 03:03,187.07
2026-01-01 03:04,182.67
2026-01-01 03:05,190.73
2026-01-01 03:06,181.54
2026-01-01 03:07,171.92
2026-01-01 03:08,171.12
2026-01-01 03:09,192.42
2026-01-01 03:10,193.05
2026-01-01 03:11,179.81
2026-01-01 03:12,178.42
2026-01-01 03:13,191.31
2026-01-01 03:14,173.27
2026-01-01 03:15,174.64
2026-01-01 03:16,185.24
2026-01-01 03:17,177.75
2026-01-01 03:18,180.20
2026-01-01 03:19,178.76
2026-01-01 03:20,181.88
2026-01-01 03:21,188.93
2026-01-01 03:22,179.20
2026-01-01 03:23,182.52
2026-01-01 03:24,163.04
2026-01-01 03:25,176.37
2026-01-01 03:26,170.07
2026-01-01 03:27,166.65
2026-01-01 03:28,168.18
2026-01-01 03:29,171.08
2026-01-01 03:30,178.87
2026-01-01 03:31,162.16
2026-01-01 03:32,170.59
2026-01-01 03:33,165.86
2026-01-01 03:34,165.79
2026-01-01 03:35,173.88
2026-01-01 03:36,169.37
2026-01-01 03:37,173.66
2026-01-01 03:38,161.86
2026-01-01 03:39,156.69
2026-01-01 03:40,158.56
2026-01-01 03:41,160.37
2026-01-01 03:42,158.42
2026-01-01 03:43,148.07
2026-01-01 03:44,154.75
2026-01-01 03:45,154.15
2026-01-01 03:46,168.58
2026-01-01 03:47,162.49
2026-01-01 03:48,141.76
2026-01-01 03:49,144.09
2026-01-01 03:50,134.22
2026-01-01 03:51,138.68
2026-01-01 03:52,143.38
2026-01-01 03:53,147.96
2026-01-01 03:54,132.77
2026-01-01 03:55,131.66
2026-01-01 03:56,119.58
2026-01-01 03:57,131.85
2026-01-01 03:58,123.95
2026-01-01 03:59,126.10
2026-01-01 04:00,122.10
2026-01-01 04:01,126.03
2026-01-01 04:02,112.87
2026-01-01 04:03,113.40
2026-01-01 04:04,137.11
2026-01-01 04:05,111.76
2026-01-01 04:06,111.69
2026-01-01 04:07,130.85
2026-01-01 04:08,136.99
2026-01-01 04:09,107.15
2026-01-01 04:10,111.52
2026-01-01 04:11,115.26
2026-01-01 04:12,123.79
2026-01-01 04:13,103.64
2026-01-01 04:14,107.73
2026-01-01 04:15,113.83
2026-01-01 04:16,110.42
2026-01-01 04:17,103.77
2026-01-01 04:18,104.55
2026-01-01 04:19,94.98
2026-01-01 04:20,102.10
2026-01-01 04:21,101.11
2026-01-01 04:22,103.86
2026-01-01 04:23,97.65
2026-01-01 04:24,104.18
2026-01-01 04:25,107.35
2026-01-01 04:26,100.79
2026-01-01 04:27,101.64
2026-01-01 04:28,99.07
2026-01-01 04:29,98.26
2026-01-01 04:30,92.81
2026-01-01 04:31,99.73
2026-01-01 04:32,96.52
2026-01-01 04:33,111.58
2026-01-01 04:34,107.71
2026-01-01 04:35,99.20
2026-01-01 04:36,91.00
2026-01-01 04:37,88.44
2026-01-01 04:38,104.48
2026-01-01 04:39,97.93
2026-01-01 04:40,99.44
2026-01-01 04:41,83.89
2026-01-01 04:42,102.65
2026-01-01 04:43,99.42
2026-01-01 04:44,88.59
2026-01-01 04:45,93.20
2026-01-01 04:46,98.53
2026-01-01 04:47,97.25
2026-01-01 04:48,93.75
2026-01-01 04:49,95.61
2026-01-01 04:50,95.12
2026-01-01 04:51,98.54
2026-01-01 04:52,108.37
2026-01-01 04:53,80.73
2026-01-01 04:54,97.69
2026-01-01 04:55,101.27
2026-01-01 04:56,102.81
2026-01-01 04:57,98.86
2026-01-01 04:58,89.93
2026-01-01 04:59,105.31
2026-01-01 05:00,115.92
2026-01-01 05:01,93.94
2026-01-01 05:02,111.59
2026-01-01 05:03,104.15
2026-01-01 05:04,106.96
2026-01-01 05:05,100.99
2026-01-01 05:06,107.01
2026-01-01 05:07,119.49
2026-01-01 05:08,115.54
2026-01-01 05:09,124.68
2026-01-01 05:10,121.94
2026-01-01 05:11,117.94
2026-01-01 05:12,128.28
2026-01-01 05:13,120.39
2026-01-01 05:14,124.39
2026-01-01 05:15,117.84
2026-01-01 05:16,121.73
2026-01-01 05:17,117.77
2026-01-01 05:18,131.01
2026-01-01 05:19,117.30
2026-01-01 05:20,132.52
2026-01-01 05:21,127.25
2026-01-01 05:22,138.36
2026-01-01 05:23,137.02
2026-01-01 05:24,146.15
2026-01-01 05:25,140.20
2026-01-01 05:26,125.79
2026-01-01 05:27,138.06
2026-01-01 05:28,132.10
2026-01-01 05:29,138.47
2026-01-01 05:30,154.50
2026-01-01 05:31,150.23
2026-01-01 05:32,142.75
2026-01-01 05:33,142.44
2026-01-01 05:34,151.68
2026-01-01 05:35,144.86
2026-01-01 05:36,150.62
2026-01-01 05:37,159.45
2026-01-01 05:38,167.31
2026-01-01 05:39,165.45
2026-01-01 05:40,147.11
2026-01-01 05:41,167.24
2026-01-01 05:42,167.57
2026-01-01 05:43,171.91
2026-01-01 05:44,182.26
2026-01-01 05:45,158.42
2026-01-01 05:46,170.63
2026-01-01 05:47,180.77
2026-01-01 05:48,167.41
2026-01-01 05:49,190.63
2026-01-01 05:50,184.65
2026-01-01 05:51,189.74
2026-01-01 05:52,181.51
2026-01-01 05:53,192.85
2026-01-01 05:54,196.24
2026-01-01 05:55,191.93
2026-01-01 05:56,193.43
2026-01-01 05:57,195.11
2026-01-01 05:58,188.55
2026-01-01 05:59,194.86
2026-01-01 06:00,196.05
2026-01-01 06:01,200.97
2026-01-01 06:02,206.37
2026-01-01 06:03,192.98
2026-01-01 06:04,200.45
2026-01-01 06:05,212.56
2026-01-01 06:06,197.76
2026-01-01 06:07,197.91
2026-01-01 06:08,205.71
2026-01-01 06:09,210.74
2026-01-01 06:10,205.37
2026-01-01 06:11,214.97
2026-01-01 06:12,211.96
2026-01-01 06:13,212.07
2026-01-01 06:14,210.20
2026-01-01 06:15,222.67
2026-01-01 06:16,204.93
2026-01-01 06:17,192.25
2026-01-01 06:18,217.35
2026-01-01 06:19,202.68
2026-01-01 06:20,206.34
2026-01-01 06:21,214.39
2026-01-01 06:22,193.58
2026-01-01 06:23,195.55
2026-01-01 06:24,192.57
2026-01-01 06:25,197.62
2026-01-01 06:26,205.62
2026-01-01 06:27,205.52
2026-01-01 06:28,203.05
2026-01-01 06:29,190.46
2026-01-01 06:30,183.37
2026-01-01 06:31,199.08
2026-01-01 06:32,194.53
2026-01-01 06:33,200.16
2026-01-01 06:34,200.94
2026-01-01 06:35,196.07
2026-01-01 06:36,199.47
2026-01-01 06:37,194.80
2026-01-01 06:38,195.94
2026-01-01 06:39,186.33
2026-01-01 06:40,189.04
2026-01-01 06:41,190.70
2026-01-01 06:42,194.10
2026-01-01 06:43,184.65
2026-01-01 06:44,190.11
2026-01-01 06:45,183.66
2026-01-01 06:46,183.78
2026-01-01 06:47,189.51
2026-01-01 06:48,168.86
2026-01-01 06:49,172.88
2026-01-01 06:50,170.74
2026-01-01 06:51,163.96
2026-01-01 06:52,174.76
2026-01-01 06:53,183.99
2026-01-01 06:54,176.01
2026-01-01 06:55,178.69
2026-01-01 06:56,184.26
2026-01-01 06:57,185.28
2026-01-01 06:58,174.90
2026-01-01 06:59,184.28
2026-01-01 07:00,174.91
2026-01-01 07:01,167.90
2026-01-01 07:02,169.13
2026-01-01 07:03,162.49
2026-01-01 07:04,166.23
2026-01-01 07:05,169.58
2026-01-01 07:06,177.38
2026-01-01 07:07,183.51
2026-01-01 07:08,161.53
2026-01-01 07:09,173.73
2026-01-01 07:10,163.51
2026-01-01 07:11,173.97
2026-01-01 07:12,169.61
2026-01-01 07:13,157.63
2026-01-01 07:14,176.90
2026-01-01 07:15,166.16
2026-01-01 07:16,166.68
2026-01-01 07:17,162.98
2026-01-01 07:18,165.98
2026-01-01 07:19,173.67
2026-01-01 07:20,169.50
2026-01-01 07:21,173.31
2026-01-01 07:22,173.75
2026-01-01 07:23,180.70
2026-01-01 07:24,169.32
2026-01-01 07:25,161.68
2026-01-01 07:26,179.80
2026-01-01 07:27,170.35
2026-01-01 07:28,180.84
2026-01-01 07:29,176.11
2026-01-01 07:30,172.91
2026-01-01 07:31,176.70
2026-01-01 07:32,188.35
2026-01-01 07:33,189.69
2026-01-01 07:34,176.11
2026-01-01 07:35,177.23
2026-01-01 07:36,184.13
2026-01-01 07:37,171.18
2026-01-01 07:38,179.93
2026-01-01 07:39,177.93
2026-01-01 07:40,180.82
2026-01-01 07:41,173.30
2026-01-01 07:42,168.51
2026-01-01 07:43,165.63
2026-01-01 07:44,172.81
2026-01-01 07:45,177.90
2026-01-01 07:46,179.53
2026-01-01 07:47,195.60
2026-01-01 07:48,190.21
2026-01-01 07:49,176.15
2026-01-01 07:50,185.71
2026-01-01 07:51,180.80
2026-01-01 07:52,182.00
2026-01-01 07:53,185.59
2026-01-01 07:54,188.91
2026-01-01 07:55,182.44
2026-01-01 07:56,192.47
2026-01-01 07:57,177.19
2026-01-01 07:58,185.35
2026-01-01 07:59,203.57
2026-01-01 08:00,186.98
2026-01-01 08:01,195.44
2026-01-01 08:02,185.98
2026-01-01 08:03,189.29
2026-01-01 08:04,184.66
2026-01-01 08:05,183.64
2026-01-01 08:06,179.10
2026-01-01 08:07,187.24
2026-01-01 08:08,177.88
2026-01-01 08:09,188.05
2026-01-01 08:10,190.49
2026-01-01 08:11,184.89
2026-01-01 08:12,179.70
2026-01-01 08:13,184.21
2026-01-01 08:14,178.13
2026-01-01 08:15,186.05
2026-01-01 08:16,165.83
2026-01-01 08:17,175.39
2026-01-01 08:18,162.84
2026-01-01 08:19,165.30
2026-01-01 08:20,184.24
2026-01-01 08:21,179.84
2026-01-01 08:22,167.37
2026-01-01 08:23,160.67
2026-01-01 08:24,149.17
2026-01-01 08:25,164.81
2026-01-01 08:26,184.21
2026-01-01 08:27,168.92
2026-01-01 08:28,160.53
2026-01-01 08:29,166.25
2026-01-01 08:30,150.58
2026-01-01 08:31,157.90
2026-01-01 08:32,159.13
2026-01-01 08:33,156.27
2026-01-01 08:34,160.82
2026-01-01 08:35,156.09
2026-01-01 08:36,156.73
2026-01-01 08:37,145.60
2026-01-01 08:38,155.07
2026-01-01 08:39,158.54
2026-01-01 08:40,138.70
2026-01-01 08:41,137.63
2026-01-01 08:42,151.55
2026-01-01 08:43,139.22
2026-01-01 08:44,148.76
2026-01-01 08:45,134.22
2026-01-01 08:46,145.90
2026-01-01 08:47,135.04
2026-01-01 08:48,134.36
2026-01-01 08:49,141.96
2026-01-01 08:50,126.96
2026-01-01 08:51,121.41
2026-01-01 08:52,123.39
2026-01-01 08:53,128.26
2026-01-01 08:54,112.72
2026-01-01 08:55,126.77
2026-01-01 08:56,117.20
2026-01-01 08:57,127.71
2026-01-01 08:58,101.65
2026-01-01 08:59,111.68
2026-01-01 09:00,104.20
2026-01-01 09:01,109.08
2026-01-01 09:02,115.50
2026-01-01 09:03,111.46
2026-01-01 09:04,109.92
2026-01-01 09:05,109.61
2026-01-01 09:06,111.23
2026-01-01 09:07,101.86
2026-01-01 09:08,113.04
2026-01-01 09:09,111.94
2026-01-01 09:10,109.25
2026-01-01 09:11,109.75
2026-01-01 09:12,107.27
2026-01-01 09:13,118.83
2026-01-01 09:14,103.41
2026-01-01 09:15,101.35
2026-01-01 09:16,97.74
2026-01-01 09:17,95.35
2026-01-01 09:18,93.47
2026-01-01 09:19,95.61
2026-01-01 09:20,101.02
2026-01-01 09:21,103.59
2026-01-01 09:22,101.37
2026-01-01 09:23,95.46
2026-01-01 09:24,106.96
2026-01-01 09:25,105.72
2026-01-01 09:26,99.34
2026-01-01 09:27,95.84
2026-01-01 09:28,104.24
2026-01-01 09:29,101.74
2026-01-01 09:30,90.34
2026-01-01 09:31,100.09
2026-01-01 09:32,102.51
2026-01-01 09:33,94.53
2026-01-01 09:34,102.33
2026-01-01 09:35,91.02
2026-01-01 09:36,109.47
2026-01-01 09:37,109.39
2026-01-01 09:38,99.44
2026-01-01 09:39,104.33
2026-01-01 09:40,85.52
2026-01-01 09:41,94.92
2026-01-01 09:42,101.62
2026-01-01 09:43,96.85
2026-01-01 09:44,110.06
2026-01-01 09:45,119.77
2026-01-01 09:46,98.31
2026-01-01 09:47,101.47
2026-01-01 09:48,109.80
2026-01-01 09:49,120.27
2026-01-01 09:50,101.31
2026-01-01 09:51,112.51
2026-01-01 09:52,124.46
2026-01-01 09:53,101.11
2026-01-01 09:54,104.71
2026-01-01 09:55,111.74
2026-01-01 09:56,112.13
2026-01-01 09:57,122.57
2026-01-01 09:58,119.71
2026-01-01 09:59,106.76
2026-01-01 10:00,124.00
2026-01-01 10:01,117.59
2026-01-01 10:02,131.84
2026-01-01 10:03,119.84
2026-01-01 10:04,121.13
2026-01-01 10:05,130.76
2026-01-01 10:06,133.74
2026-01-01 10:07,133.00
2026-01-01 10:08,119.57
2026-01-01 10:09,136.67
2026-01-01 10:10,127.24
2026-01-01 10:11,137.73
2026-01-01 10:12,127.76
2026-01-01 10:13,142.53
2026-01-01 10:14,135.46
2026-01-01 10:15,133.87
2026-01-01 10:16,149.62
2026-01-01 10:17,148.11
2026-01-01 10:18,143.94
2026-01-01 10:19,160.25
2026-01-01 10:20,148.88
2026-01-01 10:21,154.08
2026-01-01 10:22,157.65
2026-01-01 10:23,153.36
2026-01-01 10:24,162.93
2026-01-01 10:25,157.85
2026-01-01 10:26,160.66
2026-01-01 10:27,175.05
2026-01-01 10:28,160.19
2026-01-01 10:29,152.54
2026-01-01 10:30,182.67
2026-01-01 10:31,191.18
2026-01-01 10:32,172.43
2026-01-01 10:33,163.63
2026-01-01 10:34,176.91
2026-01-01 10:35,178.95
2026-01-01 10:36,181.47
2026-01-01 10:37,176.82
2026-01-01 10:38,190.45
2026-01-01 10:39,191.80
2026-01-01 10:40,179.37
2026-01-01 10:41,196.37
2026-01-01 10:42,207.45
2026-01-01 10:43,195.83
2026-01-01 10:44,193.75
2026-01-01 10:45,196.55
2026-01-01 10:46,203.22
2026-01-01 10:47,188.09
2026-01-01 10:48,202.59
2026-01-01 10:49,199.87
2026-01-01 10:50,216.63
2026-01-01 10:51,203.49
2026-01-01 10:52,217.32
2026-01-01 10:53,198.78
2026-01-01 10:54,211.40
2026-01-01 10:55,210.22
2026-01-01 10:56,202.53
2026-01-01 10:57,210.39
2026-01-01 10:58,218.09
2026-01-01 10:59,207.72
2026-01-01 11:00,198.44
2026-01-01 11:01,210.38
2026-01-01 11:02,204.32
2026-01-01 11:03,208.30
2026-01-01 11:04,210.11
2026-01-01 11:05,198.66
2026-01-01 11:06,199.13
2026-01-01 11:07,213.58
2026-01-01 11:08,206.25
2026-01-01 11:09,191.59
2026-01-01 11:10,214.61
2026-01-01 11:11,210.54
2026-01-01 11:12,203.10
2026-01-01 11:13,198.28
2026-01-01 11:14,212.71
2026-01-01 11:15,208.62
2026-01-01 11:16,222.12
2026-01-01 11:17,207.61
2026-01-01 11:18,206.57
2026-01-01 11:19,201.85
2026-01-01 11:20,207.87
2026-01-01 11:21,205.64
2026-01-01 11:22,209.11
2026-01-01 11:23,195.77
2026-01-01 11:24,195.43
2026-01-01 11:25,194.16
2026-01-01 11:26,202.09
2026-01-01 11:27,206.07
2026-01-01 11:28,191.40
2026-01-01 11:29,190.67
2026-01-01 11:30,194.88
2026-01-01 11:31,190.00
2026-01-01 11:32,197.44
2026-01-01 11:33,174.08
2026-01-01 11:34,183.14
2026-01-01 11:35,182.54
2026-01-01 11:36,170.89
2026-01-01 11:37,179.53
2026-01-01 11:38,179.02
2026-01-01 11:39,183.21
2026-01-01 11:40,191.62
2026-01-01 11:41,181.35
2026-01-01 11:42,175.11
2026-01-01 11:43,181.23
2026-01-01 11:44,188.30
2026-01-01 11:45,173.48
2026-01-01 11:46,173.33
2026-01-01 11:47,183.04
2026-01-01 11:48,177.03
2026-01-01 11:49,182.61
2026-01-01 11:50,177.51
2026-01-01 11:51,182.08
2026-01-01 11:52,169.52
2026-01-01 11:53,176.32
2026-01-01 11:54,174.60
2026-01-01 11:55,167.27
2026-01-01 11:56,164.58
2026-01-01 11:57,180.10
2026-01-01 11:58,172.66
2026-01-01 11:59,167.81
2026-01-01 12:00,174.18
2026-01-01 12:01,182.67
2026-01-01 12:02,158.76
2026-01-01 12:03,164.24
2026-01-01 12:04,168.28
2026-01-01 12:05,185.02
2026-01-01 12:06,176.86
2026-01-01 12:07,180.37
2026-01-01 12:08,167.17
2026-01-01 12:09,167.49
2026-01-01 12:10,178.67
2026-01-01 12:11,176.18
2026-01-01 12:12,179.88
2026-01-01 12:13,175.02
2026-01-01 12:14,178.60
2026-01-01 12:15,178.10
2026-01-01 12:16,182.80
2026-01-01 12:17,183.39
2026-01-01 12:18,166.81
2026-01-01 12:19,162.84
2026-01-01 12:20,186.03
2026-01-01 12:21,187.79
2026-01-01 12:22,172.80
2026-01-01 12:23,167.41
2026-01-01 12:24,181.61
2026-01-01 12:25,187.93
2026-01-01 12:26,194.50
2026-01-01 12:27,186.04
2026-01-01 12:28,180.34
2026-01-01 12:29,177.20
2026-01-01 12:30,184.04
2026-01-01 12:31,182.36
2026-01-01 12:32,177.84
2026-01-01 12:33,199.77
2026-01-01 12:34,198.40
2026-01-01 12:35,194.31
2026-01-01 12:36,180.35
2026-01-01 12:37,193.19
2026-01-01 12:38,192.08
2026-01-01 12:39,191.07
2026-01-01 12:40,197.06
2026-01-01 12:41,193.07
2026-01-01 12:42,194.07
2026-01-01 12:43,193.59
2026-01-01 12:44,191.73
2026-01-01 12:45,177.02
2026-01-01 12:46,190.21
2026-01-01 12:47,185.81
2026-01-01 12:48,180.78
2026-01-01 12:49,201.50
2026-01-01 12:50,201.76
2026-01-01 12:51,199.06
2026-01-01 12:52,191.16
2026-01-01 12:53,198.61
2026-01-01 12:54,188.96
2026-01-01 12:55,189.97
2026-01-01 12:56,180.51
2026-01-01 12:57,190.49
2026-01-01 12:58,187.63
2026-01-01 12:59,177.53
2026-01-01 13:00,185.67
2026-01-01 13:01,184.79
2026-01-01 13:02,197.20
2026-01-01 13:03,190.08
2026-01-01 13:04,183.05
2026-01-01 13:05,183.80
2026-01-01 13:06,181.41
2026-01-01 13:07,178.66
2026-01-01 13:08,171.44
2026-01-01 13:09,176.83
2026-01-01 13:10,171.50
2026-01-01 13:11,166.75
2026-01-01 13:12,177.82
2026-01-01 13:13,175.67
2026-01-01 13:14,159.08
2026-01-01 13:15,169.34
2026-01-01 13:16,175.74
2026-01-01 13:17,174.73
2026-01-01 13:18,173.00
2026-01-01 13:19,164.58
2026-01-01 13:20,156.84
2026-01-01 13:21,153.60
2026-01-01 13:22,162.01
2026-01-01 13:23,160.65
2026-01-01 13:24,165.39
2026-01-01 13:25,162.44
2026-01-01 13:26,152.18
2026-01-01 13:27,142.75
2026-01-01 13:28,147.58
2026-01-01 13:29,149.68
2026-01-01 13:30,145.10
2026-01-01 13:31,140.83
2026-01-01 13:32,145.02
2026-01-01 13:33,138.11
2026-01-01 13:34,135.63
2026-01-01 13:35,140.62
2026-01-01 13:36,134.06
2026-01-01 13:37,137.04
2026-01-01 13:38,135.72
2026-01-01 13:39,124.34
2026-01-01 13:40,127.48
2026-01-01 13:41,139.47
2026-01-01 13:42,119.87
2026-01-01 13:43,111.82
2026-01-01 13:44,112.26
2026-01-01 13:45,124.20
2026-01-01 13:46,122.95
2026-01-01 13:47,120.69
2026-01-01 13:48,128.83
2026-01-01 13:49,100.48
2026-01-01 13:50,120.86
2026-01-01 13:51,127.96
2026-01-01 13:52,108.12
2026-01-01 13:53,112.39
2026-01-01 13:54,108.85
2026-01-01 13:55,106.98
2026-01-01 13:56,110.12
2026-01-01 13:57,121.61
2026-01-01 13:58,123.73
2026-01-01 13:59,107.82
2026-01-01 14:00,122.85
2026-01-01 14:01,109.15
2026-01-01 14:02,120.61
2026-01-01 14:03,107.16
2026-01-01 14:04,108.25
2026-01-01 14:05,109.46
2026-01-01 14:06,128.76
2026-01-01 14:07,112.11
2026-01-01 14:08,100.89
2026-01-01 14:09,112.35
2026-01-01 14:10,102.80
2026-01-01 14:11,101.71
2026-01-01 14:12,111.34
2026-01-01 14:13,105.08
2026-01-01 14:14,106.73
2026-01-01 14:15,104.83
2026-01-01 14:16,107.08
2026-01-01 14:17,107.72
2026-01-01 14:18,91.24
2026-01-01 14:19,109.55
2026-01-01 14:20,98.12
2026-01-01 14:21,95.05
2026-01-01 14:22,104.91
2026-01-01 14:23,106.11
2026-01-01 14:24,99.58
2026-01-01 14:25,110.79
2026-01-01 14:26,96.13
2026-01-01 14:27,103.26
2026-01-01 14:28,102.62
2026-01-01 14:29,107.01
2026-01-01 14:30,109.94
2026-01-01 14:31,101.62
2026-01-01 14:32,114.45
2026-01-01 14:33,110.55
2026-01-01 14:34,97.62
2026-01-01 14:35,97.94
2026-01-01 14:36,112.38
2026-01-01 14:37,111.77
2026-01-01 14:38,113.46
2026-01-01 14:39,114.90
2026-01-01 14:40,117.61
2026-01-01 14:41,123.63
2026-01-01 14:42,110.22
2026-01-01 14:43,110.83
2026-01-01 14:44,112.44
2026-01-01 14:45,123.22
2026-01-01 14:46,131.05
2026-01-01 14:47,120.49
2026-01-01 14:48,107.20
2026-01-01 14:49,114.03
2026-01-01 14:50,121.40
2026-01-01 14:51,124.65
2026-01-01 14:52,127.05
2026-01-01 14:53,131.57
2026-01-01 14:54,130.54
2026-01-01 14:55,141.53
2026-01-01 14:56,130.96
2026-01-01 14:57,131.19
2026-01-01 14:58,142.15
2026-01-01 14:59,129.66
2026-01-01 15:00,144.78
2026-01-01 15:01,144.44
2026-01-01 15:02,144.40
2026-01-01 15:03,158.29
2026-01-01 15:04,144.58
2026-01-01 15:05,165.16
2026-01-01 15:06,150.98
2026-01-01 15:07,145.47
2026-01-01 15:08,156.77
2026-01-01 15:09,150.64
2026-01-01 15:10,154.83
2026-01-01 15:11,164.80
2026-01-01 15:12,167.85
2026-01-01 15:13,161.55
2026-01-01 15:14,174.78
2026-01-01 15:15,177.93
2026-01-01 15:16,181.85
2026-01-01 15:17,177.46
2026-01-01 15:18,185.25
2026-01-01 15:19,164.49
2026-01-01 15:20,177.36
2026-01-01 15:21,175.44
2026-01-01 15:22,184.24
2026-01-01 15:23,181.28
2026-01-01 15:24,185.96
2026-01-01 15:25,202.11
2026-01-01 15:26,189.53
2026-01-01 15:27,195.35
2026-01-01 15:28,192.52
2026-01-01 15:29,196.33
2026-01-01 15:30,197.44
2026-01-01 15:31,202.08
2026-01-01 15:32,208.59
2026-01-01 15:33,213.39
2026-01-01 15:34,205.40
2026-01-01 15:35,208.66
2026-01-01 15:36,197.71
2026-01-01 15:37,206.31
2026-01-01 15:38,214.60
2026-01-01 15:39,215.09
2026-01-01 15:40,211.45
2026-01-01 15:41,217.03
2026-01-01 15:42,215.04
2026-01-01 15:43,220.71
2026-01-01 15:44,214.95
2026-01-01 15:45,210.98
2026-01-01 15:46,216.28
2026-01-01 15:47,193.79
2026-01-01 15:48,217.28
2026-01-01 15:49,189.28
2026-01-01 15:50,202.89
2026-01-01 15:51,218.18
2026-01-01 15:52,218.35
2026-01-01 15:53,206.78
2026-01-01 15:54,209.77
2026-01-01 15:55,224.12
2026-01-01 15:56,210.84
2026-01-01 15:57,229.56
2026-01-01 15:58,213.43
2026-01-01 15:59,215.81
2026-01-01 16:00,223.73
2026-01-01 16:01,212.74
2026-01-01 16:02,204.16
2026-01-01 16:03,209.72
2026-01-01 16:04,209.51
2026-01-01 16:05,199.43
2026-01-01 16:06,206.39
2026-01-01 16:07,202.15
2026-01-01 16:08,212.95
2026-01-01 16:09,205.83
2026-01-01 16:10,202.69
2026-01-01 16:11,203.00
2026-01-01 16:12,204.36
2026-01-01 16:13,206.15
2026-01-01 16:14,193.87
2026-01-01 16:15,192.61
2026-01-01 16:16,206.67
2026-01-01 16:17,195.08
2026-01-01 16:18,187.08
2026-01-01 16:19,199.15
2026-01-01 16:20,198.34
2026-01-01 16:21,183.45
2026-01-01 16:22,194.85
2026-01-01 16:23,197.49
2026-01-01 16:24,194.08
2026-01-01 16:25,195.02
2026-01-01 16:26,179.92
2026-01-01 16:27,191.25
2026-01-01 16:28,186.03
2026-01-01 16:29,184.00
2026-01-01 16:30,192.74
2026-01-01 16:31,196.30
2026-01-01 16:32,197.83
2026-01-01 16:33,193.83
2026-01-01 16:34,183.25
2026-01-01 16:35,185.92
2026-01-01 16:36,188.27
2026-01-01 16:37,183.25
2026-01-01 16:38,182.84
2026-01-01 16:39,187.26
2026-01-01 16:40,180.67
2026-01-01 16:41,175.62
2026-01-01 16:42,177.49
2026-01-01 16:43,184.54
2026-01-01 16:44,179.87
2026-01-01 16:45,182.00
2026-01-01 16:46,184.13
2026-01-01 16:47,176.66
2026-01-01 16:48,184.46
2026-01-01 16:49,181.74
2026-01-01 16:50,170.40
2026-01-01 16:51,189.13
2026-01-01 16:52,175.55
2026-01-01 16:53,167.52
2026-01-01 16:54,171.88
2026-01-01 16:55,172.17
2026-01-01 16:56,179.83
2026-01-01 16:57,177.73
2026-01-01 16:58,177.50
2026-01-01 16:59,184.43
2026-01-01 17:00,182.74
2026-01-01 17:01,182.87
2026-01-01 17:02,183.84
2026-01-01 17:03,185.63
2026-01-01 17:04,166.92
2026-01-01 17:05,179.51
2026-01-01 17:06,167.21
2026-01-01 17:07,183.15
2026-01-01 17:08,183.30
2026-01-01 17:09,191.11
2026-01-01 17:10,192.58
2026-01-01 17:11,186.16
2026-01-01 17:12,181.73
2026-01-01 17:13,189.13
2026-01-01 17:14,182.55
2026-01-01 17:15,186.74
2026-01-01 17:16,194.16
2026-01-01 17:17,183.87
2026-01-01 17:18,193.92
2026-01-01 17:19,193.52
2026-01-01 17:20,182.59
2026-01-01 17:21,196.57
2026-01-01 17:22,195.11
2026-01-01 17:23,191.39
2026-01-01 17:24,185.78
2026-01-01 17:25,185.51
2026-01-01 17:26,188.16
2026-01-01 17:27,196.09
2026-01-01 17:28,185.94
2026-01-01 17:29,196.00
2026-01-01 17:30,184.52
2026-01-01 17:31,192.03
2026-01-01 17:32,194.43
2026-01-01 17:33,210.94
2026-01-01 17:34,184.31
2026-01-01 17:35,204.33
2026-01-01 17:36,195.11
2026-01-01 17:37,196.92
2026-01-01 17:38,194.81
2026-01-01 17:39,196.98
2026-01-01 17:40,192.62
2026-01-01 17:41,203.65
2026-01-01 17:42,190.01
2026-01-01 17:43,200.79
2026-01-01 17:44,187.97
2026-01-01 17:45,191.61
2026-01-01 17:46,184.03
2026-01-01 17:47,194.15
2026-01-01 17:48,200.46
2026-01-01 17:49,189.13
2026-01-01 17:50,187.55
2026-01-01 17:51,180.34
2026-01-01 17:52,185.68
2026-01-01 17:53,175.23
2026-01-01 17:54,179.03
2026-01-01 17:55,185.99
2026-01-01 17:56,192.57
2026-01-01 17:57,201.88
2026-01-01 17:58,176.94
2026-01-01 17:59,189.87
2026-01-01 18:00,180.27
2026-01-01 18:01,176.19
2026-01-01 18:02,178.93
2026-01-01 18:03,174.95
2026-01-01 18:04,173.86
2026-01-01 18:05,168.77
2026-01-01 18:06,160.36
2026-01-01 18:07,157.82
2026-01-01 18:08,171.65
2026-01-01 18:09,163.57
2026-01-01 18:10,159.75
2026-01-01 18:11,162.37
2026-01-01 18:12,166.26
2026-01-01 18:13,160.33
2026-01-01 18:14,152.83
2026-01-01 18:15,164.36
2026-01-01 18:16,165.18
2026-01-01 18:17,155.94
2026-01-01 18:18,157.65
2026-01-01 18:19,157.89
2026-01-01 18:20,155.48
2026-01-01 18:21,150.25
2026-01-01 18:22,148.54
2026-01-01 18:23,146.40
2026-01-01 18:24,133.51
2026-01-01 18:25,144.56
2026-01-01 18:26,128.64
2026-01-01 18:27,131.07
2026-01-01 18:28,144.29
2026-01-01 18:29,139.61
2026-01-01 18:30,142.74
2026-01-01 18:31,129.05
2026-01-01 18:32,121.55
2026-01-01 18:33,126.63
2026-01-01 18:34,127.77
2026-01-01 18:35,126.38
2026-01-01 18:36,132.58
2026-01-01 18:37,120.98
2026-01-01 18:38,124.87
2026-01-01 18:39,114.43
2026-01-01 18:40,123.49
2026-01-01 18:41,119.39
2026-01-01 18:42,113.19
2026-01-01 18:43,115.91
2026-01-01 18:44,115.44
2026-01-01 18:45,114.05
2026-01-01 18:46,127.59
2026-01-01 18:47,113.80
2026-01-01 18:48,112.13
2026-01-01 18:49,98.54
2026-01-01 18:50,106.40
2026-01-01 18:51,110.29
2026-01-01 18:52,106.85
2026-01-01 18:53,120.89
2026-01-01 18:54,109.67
2026-01-01 18:55,119.49
2026-01-01 18:56,110.59
2026-01-01 18:57,110.15
2026-01-01 18:58,109.03
2026-01-01 18:59,109.49
2026-01-01 19:00,121.33
2026-01-01 19:01,92.95
2026-01-01 19:02,95.09
2026-01-01 19:03,105.25
2026-01-01 19:04,109.14
2026-01-01 19:05,113.89
2026-01-01 19:06,112.43
2026-01-01 19:07,106.51
2026-01-01 19:08,116.45
2026-01-01 19:09,116.68
2026-01-01 19:10,110.93
2026-01-01 19:11,116.58
2026-01-01 19:12,110.67
2026-01-01 19:13,105.36
2026-01-01 19:14,114.73
2026-01-01 19:15,111.20
2026-01-01 19:16,111.04
2026-01-01 19:17,121.97
2026-01-01 19:18,95.16
2026-01-01 19:19,103.07
2026-01-01 19:20,105.39
2026-01-01 19:21,111.88
2026-01-01 19:22,113.40
2026-01-01 19:23,105.42
2026-01-01 19:24,109.89
2026-01-01 19:25,111.61
2026-01-01 19:26,135.71
2026-01-01 19:27,132.02
2026-01-01 19:28,117.47
2026-01-01 19:29,118.77
2026-01-01 19:30,114.27
2026-01-01 19:31,109.99
2026-01-01 19:32,123.60
2026-01-01 19:33,118.53
2026-01-01 19:34,126.06
2026-01-01 19:35,116.62
2026-01-01 19:36,123.70
2026-01-01 19:37,131.32
2026-01-01 19:38,134.12
2026-01-01 19:39,135.79
2026-01-01 19:40,124.98
2026-01-01 19:41,141.60
2026-01-01 19:42,131.44
2026-01-01 19:43,142.94
2026-01-01 19:44,139.93
2026-01-01 19:45,131.91
2026-01-01 19:46,140.90
2026-01-01 19:47,147.28
2026-01-01 19:48,150.66
2026-01-01 19:49,147.06
2026-01-01 19:50,160.47
2026-01-01 19:51,158.54
2026-01-01 19:52,151.46
2026-01-01 19:53,160.31
2026-01-01 19:54,170.42
2026-01-01 19:55,172.46
2026-01-01 19:56,152.01
2026-01-01 19:57,156.01
2026-01-01 19:58,174.80
2026-01-01 19:59,158.93
2026-01-01 20:00,159.02
2026-01-01 20:01,166.82
2026-01-01 20:02,175.13
2026-01-01 20:03,173.43
2026-01-01 20:04,171.56
2026-01-01 20:05,173.35
2026-01-01 20:06,175.04
2026-01-01 20:07,175.82
2026-01-01 20:08,199.88
2026-01-01 20:09,187.91
2026-01-01 20:10,193.93
2026-01-01 20:11,186.17
2026-01-01 20:12,190.14
2026-01-01 20:13,188.26
2026-01-01 20:14,176.47
2026-01-01 20:15,187.13
2026-01-01 20:16,185.79
2026-01-01 20:17,184.37
2026-01-01 20:18,193.35
2026-01-01 20:19,212.54
2026-01-01 20:20,204.44
2026-01-01 20:21,215.22
2026-01-01 20:22,210.43
2026-01-01 20:23,214.33
2026-01-01 20:24,203.78
2026-01-01 20:25,214.91
2026-01-01 20:26,217.43
2026-01-01 20:27,209.31
2026-01-01 20:28,218.20
2026-01-01 20:29,219.11
2026-01-01 20:30,212.08
2026-01-01 20:31,208.77
2026-01-01 20:32,208.96
2026-01-01 20:33,218.39
2026-01-01 20:34,220.54
2026-01-01 20:35,213.08
2026-01-01 20:36,219.11
2026-01-01 20:37,223.13
2026-01-01 20:38,223.61
2026-01-01 20:39,230.20
2026-01-01 20:40,228.26
2026-01-01 20:41,212.23
2026-01-01 20:42,230.86
2026-01-01 20:43,215.13
2026-01-01 20:44,225.86
2026-01-01 20:45,218.66
2026-01-01 20:46,214.87
2026-01-01 20:47,204.62
2026-01-01 20:48,215.53
2026-01-01 20:49,205.23
2026-01-01 20:50,222.27
2026-01-01 20:51,225.43
2026-01-01 20:52,208.50
2026-01-01 20:53,215.42
2026-01-01 20:54,207.42
2026-01-01 20:55,207.26
2026-01-01 20:56,216.22
2026-01-01 20:57,209.63
2026-01-01 20:58,221.17
2026-01-01 20:59,204.68
2026-01-01 21:00,214.11
2026-01-01 21:01,206.84
2026-01-01 21:02,210.76
2026-01-01 21:03,201.09
2026-01-01 21:04,202.91
2026-01-01 21:05,201.48
2026-01-01 21:06,195.47
2026-01-01 21:07,205.00
2026-01-01 21:08,203.97
2026-01-01 21:09,202.64
2026-01-01 21:10,208.32
2026-01-01 21:11,206.80
2026-01-01 21:12,193.15
2026-01-01 21:13,197.52
2026-01-01 21:14,189.71
2026-01-01 21:15,193.42
2026-01-01 21:16,188.27
2026-01-01 21:17,203.04
2026-01-01 21:18,193.51
2026-01-01 21:19,188.74
2026-01-01 21:20,197.95
2026-01-01 21:21,173.76
2026-01-01 21:22,174.24
2026-01-01 21:23,193.34
2026-01-01 21:24,187.65
2026-01-01 21:25,188.47
2026-01-01 21:26,176.96
2026-01-01 21:27,185.65
2026-01-01 21:28,199.43
2026-01-01 21:29,190.81
2026-01-01 21:30,185.90
2026-01-01 21:31,181.35
2026-01-01 21:32,181.40
2026-01-01 21:33,169.04
2026-01-01 21:34,185.56
2026-01-01 21:35,189.52
2026-01-01 21:36,172.46
2026-01-01 21:37,178.78
2026-01-01 21:38,175.26
2026-01-01 21:39,176.60
2026-01-01 21:40,183.75
2026-01-01 21:41,168.84
2026-01-01 21:42,187.82
2026-01-01 21:43,188.91
2026-01-01 21:44,182.03
2026-01-01 21:45,166.60
2026-01-01 21:46,177.20
2026-01-01 21:47,193.05
2026-01-01 21:48,165.24
2026-01-01 21:49,182.54
2026-01-01 21:50,177.03
2026-01-01 21:51,191.27
2026-01-01 21:52,181.27
2026-01-01 21:53,189.21
2026-01-01 21:54,190.75
2026-01-01 21:55,200.07
2026-01-01 21:56,186.24
2026-01-01 21:57,190.75
2026-01-01 21:58,178.19
2026-01-01 21:59,197.40
2026-01-01 22:00,184.23
2026-01-01 22:01,186.13
2026-01-01 22:02,190.41
2026-01-01 22:03,180.13
2026-01-01 22:04,193.18
2026-01-01 22:05,198.86
2026-01-01 22:06,194.65
2026-01-01 22:07,181.97
2026-01-01 22:08,192.72
2026-01-01 22:09,199.27
2026-01-01 22:10,181.40
2026-01-01 22:11,187.47
2026-01-01 22:12,201.57
2026-01-01 22:13,197.74
2026-01-01 22:14,199.12
2026-01-01 22:15,209.62
2026-01-01 22:16,200.23
2026-01-01 22:17,201.86
2026-01-01 22:18,216.51
2026-01-01 22:19,196.28
2026-01-01 22:20,192.39
2026-01-01 22:21,201.14
2026-01-01 22:22,201.34
2026-01-01 22:23,194.66
2026-01-01 22:24,191.15
2026-01-01 22:25,214.53
2026-01-01 22:26,200.59
2026-01-01 22:27,193.06
2026-01-01 22:28,204.43
2026-01-01 22:29,197.03
2026-01-01 22:30,195.75
2026-01-01 22:31,201.12
2026-01-01 22:32,187.76
2026-01-01 22:33,198.82
2026-01-01 22:34,209.24
2026-01-01 22:35,198.55
2026-01-01 22:36,192.03
2026-01-01 22:37,190.44
2026-01-01 22:38,190.38
2026-01-01 22:39,190.68
2026-01-01 22:40,188.96
2026-01-01 22:41,197.11
2026-01-01 22:42,177.61
2026-01-01 22:43,194.76
2026-01-01 22:44,184.99
2026-01-01 22:45,189.17
2026-01-01 22:46,177.47
2026-01-01 22:47,193.44
2026-01-01 22:48,191.60
2026-01-01 22:49,188.29
2026-01-01 22:50,169.62
2026-01-01 22:51,184.64
2026-01-01 22:52,180.25
2026-01-01 22:53,164.72
2026-01-01 22:54,174.29
2026-01-01 22:55,175.50
2026-01-01 22:56,175.29
2026-01-01 22:57,171.07
2026-01-01 22:58,170.28
2026-01-01 22:59,176.95
2026-01-01 23:00,173.60
2026-01-01 23:01,143.31
2026-01-01 23:02,159.52
2026-01-01 23:03,158.94
2026-01-01 23:04,146.18
2026-01-01 23:05,157.46
2026-01-01 23:06,163.90
2026-01-01 23:07,145.91
2026-01-01 23:08,154.25
2026-01-01 23:09,143.86
2026-01-01 23:10,143.97
2026-01-01 23:11,157.43
2026-01-01 23:12,141.72
2026-01-01 23:13,147.21
2026-01-01 23:14,129.35
2026-01-01 23:15,153.99
2026-01-01 23:16,143.70
2026-01-01 23:17,136.77
2026-01-01 23:18,140.67
2026-01-01 23:19,125.40
2026-01-01 23:20,142.21
2026-01-01 23:21,130.37
2026-01-01 23:22,129.94
2026-01-01 23:23,126.71
2026-01-01 23:24,124.90
2026-01-01 23:25,132.69
2026-01-01 23:26,128.52
2026-01-01 23:27,130.23
2026-01-01 23:28,124.60
2026-01-01 23:29,127.28
2026-01-01 23:30,119.83
2026-01-01 23:31,137.49
2026-01-01 23:32,110.07
2026-01-01 23:33,129.08
2026-01-01 23:34,129.09
2026-01-01 23:35,112.85
2026-01-01 23:36,133.76
2026-01-01 23:37,124.51
2026-01-01 23:38,123.78
2026-01-01 23:39,116.65
2026-01-01 23:40,114.45
2026-01-01 23:41,114.07
2026-01-01 23:42,117.88
2026-01-01 23:43,124.60
2026-01-01 23:44,115.75
2026-01-01 23:45,107.83
2026-01-01 23:46,119.74
2026-01-01 23:47,120.23
2026-01-01 23:48,118.21
2026-01-01 23:49,118.72
2026-01-01 23:50,111.53
2026-01-01 23:51,106.87
2026-01-01 23:52,107.28
2026-01-01 23:53,101.93
2026-01-01 23:54,115.10
2026-01-01 23:55,112.94
2026-01-01 23:56,110.56
2026-01-01 23:57,93.10
2026-01-01 23:58,105.23
2026-01-01 23:59,122.01
2026-01-01 24:00,108.42
2026-01-01 24:01,116.13
2026-01-01 24:02,104.43
2026-01-01 24:03,124.82
2026-01-01 24:04,114.34
2026-01-01 24:05,118.01
2026-01-01 24:06,132.91
2026-01-01 24:07,127.93
2026-01-01 24:08,115.87
2026-01-01 24:09,114.59
2026-01-01 24:10,117.23
2026-01-01 24:11,123.86
2026-01-01 24:12,120.37
2026-01-01 24:13,119.19
2026-01-01 24:14,133.10
2026-01-01 24:15,122.93
2026-01-01 24:16,140.76
2026-01-01 24:17,126.27
2026-01-01 24:18,139.13
2026-01-01 24:19,130.17
2026-01-01 24:20,135.48
2026-01-01 24:21,124.77
2026-01-01 24:22,125.00
2026-01-01 24:23,135.36
2026-01-01 24:24,140.27
2026-01-01 24:25,134.88
2026-01-01 24:26,126.87
2026-01-01 24:27,127.67
2026-01-01 24:28,128.56
2026-01-01 24:29,127.56
2026-01-01 24:30,142.13
2026-01-01 24:31,150.70
2026-01-01 24:32,144.23
2026-01-01 24:33,130.04
2026-01-01 24:34,146.10
2026-01-01 24:35,147.91
2026-01-01 24:36,165.36
2026-01-01 24:37,142.16
2026-01-01 24:38,151.34
2026-01-01 24:39,167.75
2026-01-01 24:40,160.73
2026-01-01 24:41,163.32
2026-01-01 24:42,162.00
2026-01-01 24:43,165.36
2026-01-01 24:44,170.37
2026-01-01 24:45,161.15
2026-01-01 24:46,174.88
2026-01-01 24:47,161.04
2026-01-01 24:48,174.90
2026-01-01 24:49,175.80
2026-01-01 24:50,172.19
2026-01-01 24:51,178.31
2026-01-01 24:52,176.07
2026-01-01 24:53,174.89
2026-01-01 24:54,181.87
2026-01-01 24:55,178.57
2026-01-01 24:56,190.49
2026-01-01 24:57,182.10
2026-01-01 24:58,197.03
2026-01-01 24:59,185.65
